"Group","ABAR/CHLH","AREB1/ABF2","ABCG25","ABA3","NCED3","PDS","ZEP(ABA1)","PSY","LUT5(CYP97A3)","GTG1(GPCR)","ABA2","PYR1","SnRK2.2","AAO3","CPK3","ABI1(PP2CgroupA)","DTX50","AGB1","CIPK","ABA4","GPA1","PYL1","AIT1","GCR2(GPCR)","COP1","PIF4","CHI","PHYB","FPT2","F3RhaT","F3H","STO/BBX24","F7GlcT","ANS","CHS","CYCB1;1","UVR8","A3Glc:2_XylT","DFR","A5GlcT","MYB13","PFG1/MYB12","F3:H","BIM1","SPA1","MYB73","F3AraT","BES1","CRY1","MKP1","FLS1","BGLU6","WRKY36","HY5","RUP1","CHIL","COR27","HYH","ATR","Fd3GlcT","F3Glc:2_XGlcT","BIC1","F7RhaT","OMT1","FLS3","LACS4","HUB2","SHN2","ABCG13","CYP86A4","ANL2","HOTHEAD","DCF","GPAT4","MYB41","SHN1","HUB1","CFL1","MYB106","GPAT6","NFXL2","ABCG11","CUS1","CYP86A8","DCR","LTPG2","BDG1","CD2","ABCG32","LACS1","LACS2","CYP77A6","LTPG1","MYB16","GPAT8","SHN3","HDG1","CYP77A4","CYP86A2"
"Angiosperms",0,0.00301064537591484,0.116474030925515,0.0600773099785306,0.139812369879976,0.149294268605646,0.343250965210282,0.019061876247505,0.420718004048636,0,0.434810974262731,0.046558427423104,0.367315754037224,0.010292236040739,0.33178238334761,0.261580415252269,0.278068940236547,0.0199779363765358,0.378502657044053,0.0119760479041916,0.0768152672344289,0.0473148366825073,0.333576894511704,0.00775721284703321,0.00453535678874475,0.00111565362313865,0.0907898488736812,0.00614092328164185,0.345703859637992,0.132746780466718,0.271740614637746,0.000499001996007985,0.0886620762060232,0.275563095161073,0.283178812988516,0.0504365571766138,0.00570945589220127,0.0625435202809923,0.377013792931339,0.125137372146329,0.00564960790247306,0.00688301587311947,0.509005445385761,0,0.00297500237619998,0.00633483985684011,0.132702882185794,0.0346243017059279,0.0715375110584691,0.0145162056838704,0.272134264914338,0.322170891175449,0.00315974628131293,0.0568862275449102,0.00362096320180153,0.077480752780154,0.0029940119760479,0.0568862275449102,0.00299401197604791,0.137877356932159,0.0753361959109427,0,0.050026151234357,0.458730944105486,0.270923311472154,0.206466331145245,0.000665335994677312,0.00443711118519655,0.120143383182614,0.387044037984476,0.0303522216958807,0.187877637623415,0.360576824444202,0.0720118946785962,0.00503639761463903,0.00415143832434411,0,0,0.00497436574740044,0.072112953066023,0,0.121942999455129,0.369411401420739,0.380635488385168,0.405368545288017,0.456724704542227,0.132950259790697,0.0318959174437342,0.109553392712427,0.209638659960537,0.203925827053912,0.486353373083498,0.188121991116003,0.0048682914319405,0.0720118946785962,0.00479935328298049,0.0320467062428532,0.485787341636501,0.395832955995062
"Bryophytes",0.03125,0,0.0879095919673305,0,0.20588474025974,0.125,0.105978260869565,0,0.144230769230769,0,0.217347010364824,0,0.240781934783483,0.0208333333333333,0.282961155011986,0.168069037960012,0.0208333333333333,0,0.263006991073942,0,0,0,0.128525361868027,0,0,0,0,0,0,0.014367816091954,0.0911445299122784,0,0.0201612903225806,0.0665591397849462,0.218094093406593,0.0989583333333333,0.00961538461538462,0.0277777777777778,0.254374098124098,0.011986301369863,0.0625,0.0625,0.165748834498834,0,0.0178571428571429,0.0422932330827068,0.0133928571428571,0,0.03125,0.0104166666666667,0.084512842263079,0.094440647072226,0,0,0,0,0,0,0.0208333333333333,0.0142045454545455,0.00892857142857143,0,0.00543478260869565,0.177631578947368,0.0855555555555556,0.114044838613804,0,0.0190637065637066,0.100273376590878,0.155870590137832,0,0.180242673992674,0.0581258657140774,0.0610795454545454,0.0416666666666667,0.0149410774410774,0,0,0.0416666666666667,0.0586124401913876,0,0.101413313697796,0.183149473865793,0.144982957914456,0.0595779220779221,0,0.239583333333333,0,0.093566225361771,0.114625674504707,0.120509413156472,0.17213126192506,0,0.0416666666666667,0.0610795454545454,0.0177083333333333,0,0.182006812794212,0.135285465277253
"Chlorophyta",0,0,0.0144230769230769,0,0,0,0,0,0.00904977375565611,0,0.0305791952408494,0,0.0454545454545455,0,0.022239665096808,0.0205128205128205,0.0384615384615385,0,0.0313020313020313,0,0,0,0,0,0,0,0,0,0,0,0,0,0,0,0,0,0,0,0.0769230769230769,0,0,0,0,0,0,0,0,0,0,0.0192307692307692,0,0,0,0,0,0,0,0,0,0,0,0,0,0.00854700854700855,0,0.0384615384615385,0,0,0.0144230769230769,0,0,0.027972027972028,0,0,0,0,0,0,0,0,0,0.0144230769230769,0,0,0,0,0,0,0.00549450549450549,0.0307692307692308,0.0307692307692308,0,0,0,0,0,0,0,0
"Ferns",0,0,0.0790807932201375,0.0468409586056645,0.141025641025641,0.245833333333333,0.234725703146756,0.0833333333333333,0.386289695058201,0,0.37970140970141,0.05,0.270668346152586,0,0.294060613174239,0.221252243308646,0.0996031746031746,0,0.259895153423592,0,0.0416666666666667,0.05,0.262616814402529,0,0.00980392156862745,0,0,0.00520833333333333,0.194444444444444,0.0241147281710196,0.233503161698284,0,0.02377858796877,0.224901344994368,0.345291159099299,0.0294117647058824,0.0043859649122807,0.0250010689769726,0.295812709791204,0.0244166087530516,0.0273521969174143,0.0250905452187082,0.294053952375295,0,0,0.0258243293591654,0.0241147281710196,0.037037037037037,0.0595238095238095,0.0333333333333333,0.238072233724408,0.30085536238787,0.00510204081632653,0.277777777777778,0,0.111111111111111,0,0.277777777777778,0.0416666666666667,0.0239269770539004,0.0253747898930922,0,0.0245602745602746,0.450722480134245,0.230756540130349,0.228096375945838,0,0.0156092648539778,0.0874820022053285,0.377789809544297,0.0175438596491228,0,0.293830296461875,0.0833333333333333,0.0248548881746095,0.0152409046214356,0,0,0.0247858750621182,0.0833333333333333,0,0.0887160861737133,0.264608035855052,0.375219886478468,0.30904721725895,0,0.111111111111111,0.0175438596491228,0.0858351103315975,0.214265672599006,0.224050332383666,0.346629376022413,0.111111111111111,0.0248432591268552,0.0833333333333333,0.0159958720330237,0.0185185185185185,0.315702041050338,0.38483883855693
"Gymnosperms",0,0,0.138383168076994,0,0.259709653092006,0.268055555555556,0.342757936507937,0.119047619047619,0.487653816771464,0,0.58222791477021,0.0555555555555556,0.453649438013699,0.0541666666666667,0.388289698901421,0.277071162876841,0.41054424739978,0.0238095238095238,0.461372264279546,0,0.194444444444444,0.0555555555555556,0.473566882188249,0,0.0111111111111111,0,0,0.0166666666666667,0.373523276240668,0.0427642245528702,0.440731881464076,0,0.0322321690866623,0.450532141029953,0.606753812636166,0.0819415636793132,0.0529577535793507,0.0382175166439126,0.469483698379657,0.0392987540789653,0.0258743396897358,0.013770041189396,0.649763065126947,0,0.0429292929292929,0.0262626262626263,0.0382135352555734,0.0787037037037037,0.185714285714286,0.0151515151515152,0.447245307967666,0.362567847356082,0.0185185185185185,0.111111111111111,0.0208333333333333,0,0,0.111111111111111,0,0.0420765259837597,0.0382697001350382,0,0.0254652061627864,0.626569912282364,0.453253391643606,0.322566626394937,0.0166666666666667,0.0278164924506388,0.142162826733905,0.454053509822331,0.0207317073170732,0.450519059351723,0.521416439047006,0.119388974227684,0.0281851057927845,0.0218521143397118,0.0175438596491228,0,0.0277932028651399,0.118085618085618,0,0.14782808225152,0.467767526591056,0.433555316996444,0.507714752567694,0.58331209852949,0.111111111111111,0.0198412698412698,0.145151515151515,0.334236990649363,0.330550968708445,0.621006253761095,0.263888888888889,0.0314432481099148,0.118716931216931,0.0181686046511628,0.0217105263157895,0.62194544371197,0.455200404402532
"Lycophytes",0,0,0.077739528453177,0,0.05,0.2,0.0583333333333333,0,0.257218013468013,0,0.362952264693733,0.0367063492063492,0.1019099575314,0,0.0884173133359213,0.104025457350266,0.150659824046921,0,0.0874241797628894,0.25,0.0555555555555556,0.0367063492063492,0.267858851347657,0,0.00925925925925926,0,0,0,0.092948717948718,0.0592903828197946,0.238135477880624,0,0.0519640852974186,0.251240065373723,0.12022792022792,0.0416666666666667,0.0613425925925926,0.0510683760683761,0.319194783589067,0.051656314699793,0,0,0.247771559312594,0,0.00925925925925926,0,0.0555555555555556,0,0.05,0,0.241507445044282,0.190045248868778,0,0,0.0104166666666667,0,0,0,0,0.0622895622895623,0.0538095238095238,0,0.048974358974359,0.365376415376415,0.244116585944173,0.131636670842068,0,0,0.0692034610911261,0.208659359589592,0,0.235294117647059,0.260012613283132,0.0625,0,0,0,0,0,0.0601851851851852,0,0.0677897334147334,0.136956285337713,0.151647968314635,0.275402445094492,0.107843137254902,0.166666666666667,0,0.146357594528326,0.123843594676928,0.137617532086087,0.288236458511417,0,0,0.0646929824561403,0,0,0.285687645687646,0.153907940796528
"Streptophyte_algae",0,0,0.0124223602484472,0,0,0.0833333333333333,0,0,0.0333333333333333,0,0.118696639191425,0,0.128322907070047,0,0.123538961038961,0.0473644003055768,0.0476190476190476,0,0.107454648526077,0,0,0,0,0,0,0,0,0.0146520146520147,0,0,0,0,0,0,0,0,0,0,0.0666666666666667,0,0,0,0,0,0,0,0,0,0.0714285714285714,0,0,0.0357142857142857,0,0,0,0,0,0,0,0,0,0,0,0.0204081632653061,0,0.0171428571428571,0,0,0.0114285714285714,0.0184331797235023,0,0,0,0,0,0,0,0,0,0,0,0.0119047619047619,0,0.0163265306122449,0,0,0,0,0.0171428571428571,0.00952380952380952,0.0142857142857143,0,0,0,0,0,0,0,0.0184331797235023
"Zygnematophyceae",0,0,0.0253968253968254,0,0.0535714285714286,0.142857142857143,0.0571428571428571,0,0.0420168067226891,0,0.0572829131652661,0,0.117216117216117,0,0.0967353044596723,0.032967032967033,0.11765873015873,0,0.100732600732601,0,0,0,0.0745341614906832,0,0,0,0.0952380952380952,0,0.0571428571428571,0,0,0,0,0,0.0571428571428571,0,0,0,0.0884353741496599,0,0,0,0.0204081632653061,0,0,0,0,0,0,0,0,0.0952380952380952,0,0.142857142857143,0,0.0714285714285714,0,0.142857142857143,0,0,0,0,0,0.102040816326531,0,0.0680272108843537,0,0,0.0150375939849624,0.0317460317460317,0,0,0,0,0,0,0,0,0,0,0,0.0244897959183673,0.164835164835165,0.0285714285714286,0,0,0,0,0.0248447204968944,0.0688311688311688,0.053968253968254,0.0714285714285714,0,0,0,0,0,0.0833333333333333,0.0317460317460317
